form,root
gut,gut
bessere,gut
bser,gut
besseren,gut
guten,gut
gutem,gut
guter,gut
bess,gut
gutes,gut
besseres,gut
besser,gut
besserem,gut
besserer,gut
gute,gut
neuer,neu
neuestenneusten,neu
neuesterneuster,neu
neuen,neu
neuere,neu
neuerem,neu
neu,neu
neueren,neu
neuem,neu
neutenneusten,neu
neuesteneuste,neu
neuestesneustes,neu
neues,neu
neuesteneustes,neu
neuestemneustem,neu
neuestneust,neu
neueres,neu
neue,neu
neuerer,neu
älteren,alt
ältestes,alt
alte,alt
älter,alt
älterer,alt
ältten,alt
altes,alt
älteres,alt
altem,alt
ältesten,alt
alt,alt
ältestem,alt
alten,alt
älterem,alt
älteste,alt
ält,alt
ältester,alt
alter,alt
ältere,alt
jungen,jung
jüngeren,jung
jüngster,jung
jüngstes,jung
jüngstem,jung
junges,jung
jung,jung
jüngeres,jung
jüngste,jung
jünger,jung
jüngerer,jung
jüngere,jung
jüngsten,jung
jüngerem,jung
jüng,jung
jungem,jung
junger,jung
junge,jung
größtegrößeste,groß
größere,groß
größerer,groß
größtergrößester,groß
großer,groß
großem,groß
größerem,groß
groß,groß
große,groß
größtengrößesten,groß
größtemgrößestem,groß
größeres,groß
größtgrößest,groß
größeren,groß
großen,groß
großes,groß
größ,groß
größtesgrößestes,groß
größer,groß
größtengrößten,groß
größtegrößestes,groß
kleine,klein
kleineren,klein
kles,klein
kleinerer,klein
kleinem,klein
kleres,klein
klster,klein
klen,klein
kleinere,klein
klerer,klein
klre,klein
kleinsten,klein
kleinen,klein
kleineres,klein
kler,klein
kleinster,klein
kl,klein
klstes,klein
kleinstes,klein
kleinste,klein
klein,klein
kleinerem,klein
kleiner,klein
kleinstem,klein
kleines,klein
langem,lang
längsten,lang
längstem,lang
lange,lang
längerem,lang
längste,lang
längerer,lang
länger,lang
lang,lang
langer,lang
langes,lang
längeren,lang
längster,lang
längstes,lang
langen,lang
längeres,lang
läng,lang
längere,lang
kurze,kurz
kürzestem,kurz
kürzeren,kurz
kurzen,kurz
kürzestes,kurz
kürzester,kurz
kürzten,kurz
kürzer,kurz
kurzer,kurz
kürzere,kurz
kürzeste,kurz
kürz,kurz
kürzerem,kurz
kurzem,kurz
kürzesten,kurz
kurzes,kurz
kurz,kurz
kürzerer,kurz
kürzeres,kurz
hohen,hoch
höherem,hoch
höhere,hoch
höchstes,hoch
höchster,hoch
höheren,hoch
höchste,hoch
höherer,hoch
höher,hoch
höchsten,hoch
hohem,hoch
hoch,hoch
höchstem,hoch
hoher,hoch
hohe,hoch
höh,hoch
hohes,hoch
höheres,hoch
niedrigstes,niedrig
niedrigem,niedrig
niedrigere,niedrig
niedrigsten,niedrig
niedrige,niedrig
niedrigste,niedrig
niedrigen,niedrig
niedrigster,niedrig
niedrigeren,niedrig
niedrigerem,niedrig
niedrigeres,niedrig
niedrigstem,niedrig
niedriger,niedrig
niedrigerer,niedrig
niedriges,niedrig
niedrig,niedrig
weiteste,weit
weite,weit
weitten,weit
weitestem,weit
weiten,weit
weitestes,weit
weiterer,weit
weiteres,weit
weitere,weit
weiteren,weit
weites,weit
weiterem,weit
weiter,weit
weitesten,weit
weitem,weit
weit,weit
weitester,weit
engsten,eng
engstem,eng
engem,eng
engstes,eng
engster,eng
enger,eng
engerem,eng
engerer,eng
engere,eng
engeres,eng
engeren,eng
enge,eng
eng,eng
engste,eng
enges,eng
engen,eng
breiten,breit
breitesten,breit
breites,breit
breite,breit
breiterem,breit
breitten,breit
breiteste,breit
breitestes,breit
breiteren,breit
breitester,breit
breitestem,breit
breit,breit
breitem,breit
breiteres,breit
breiterer,breit
breitere,breit
breiter,breit
schmale,schmal
schmalereschmälere,schmal
schmalsteschmälstes,schmal
schmal,schmal
schmalerenschmäleren,schmal
schmalen,schmal
schmales,schmal
schmalererschmälerer,schmal
schmaleremschmälerem,schmal
schmalstenschmälsten,schmal
schmalsteschmälste,schmal
schmalerschmäler,schmal
schmalsterschmälster,schmal
schmalstschmälst,schmal
schmaler,schmal
schmalereschmäleres,schmal
schmalem,schmal
schmaleresschmäleres,schmal
schmalstemschmälstem,schmal
schmalstesschmälstes,schmal
schmalschmäl,schmal
dicksten,dick
dickem,dick
dickerem,dick
dickstem,dick
dickste,dick
dicke,dick
dick,dick
dicker,dick
dickstes,dick
dickerer,dick
dickere,dick
dickeren,dick
dickster,dick
dicken,dick
dickeres,dick
dickes,dick
dünnere,dünn
dünnstes,dünn
dünnstem,dünn
dünneres,dünn
dünnerer,dünn
dünneren,dünn
dünnsten,dünn
dünnes,dünn
dünn,dünn
dünnerem,dünn
dünnster,dünn
dünnste,dünn
dünne,dünn
dünnen,dünn
dünner,dünn
dünnem,dünn
stärkere,stark
starkem,stark
stark,stark
starker,stark
stärkerer,stark
stärker,stark
stärkerem,stark
stärkster,stark
stärkstes,stark
stärkste,stark
stärkstem,stark
starkes,stark
stärkeres,stark
stärksten,stark
stärkeren,stark
starken,stark
starke,stark
stärk,stark
schwächerem,schwach
schwaches,schwach
schwachen,schwach
schwächerer,schwach
schwach,schwach
schwächsten,schwach
schwächster,schwach
schwache,schwach
schwachem,schwach
schwächstes,schwach
schwächste,schwach
schwächeres,schwach
schwacher,schwach
schwäch,schwach
schwächer,schwach
schwächeren,schwach
schwächstem,schwach
schwächere,schwach
härteres,hart
härtester,hart
härteren,hart
härtestem,hart
harter,hart
härterem,hart
härtesten,hart
härteste,hart
härtestes,hart
härtten,hart
hart,hart
harten,hart
härterer,hart
härt,hart
hartem,hart
härtere,hart
hartes,hart
harte,hart
härter,hart
weiches,weich
weicherem,weich
weichere,weich
weichstem,weich
weichsten,weich
weicheres,weich
weichem,weich
weicher,weich
weicheren,weich
weichste,weich
weichster,weich
weiche,weich
weichstes,weich
weichen,weich
weich,weich
weicherer,weich
heißere,heiß
heißerem,heiß
heißen,heiß
heißeres,heiß
heißestem,heiß
heißerer,heiß
heißester,heiß
heißer,heiß
heißeste,heiß
heißeren,heiß
heißesten,heiß
heißten,heiß
heißem,heiß
heißes,heiß
heiß,heiß
heiße,heiß
heißestes,heiß
kälterer,kalt
kalter,kalt
kältere,kalt
kaltem,kalt
kält,kalt
kälter,kalt
kälterem,kalt
kalte,kalt
kaltes,kalt
kalten,kalt
kälteren,kalt
kälteres,kalt
kalt,kalt
warmes,warm
warm,warm
warme,warm
warmem,warm
wärmerer,warm
warmer,warm
wärmstes,warm
wärmer,warm
wärmster,warm
wärm,warm
wärmeres,warm
wärmeren,warm
wärmere,warm
wärmste,warm
wärmsten,warm
wärmstem,warm
wärmerem,warm
warmen,warm
kühlerer,kühl
kühlerem,kühl
kühlster,kühl
kühle,kühl
kühler,kühl
kühlste,kühl
kühlere,kühl
kühles,kühl
kühlsten,kühl
kühl,kühl
kühleres,kühl
kühlen,kühl
kühlstem,kühl
kühlstes,kühl
kühlem,kühl
kühleren,kühl
schnellsten,schnell
schnelles,schnell
schnellem,schnell
schnell,schnell
schnelleren,schnell
schnellerer,schnell
schnellstem,schnell
schnelle,schnell
schnellster,schnell
schnellere,schnell
schnellerem,schnell
schnellstes,schnell
schnelleres,schnell
schnellen,schnell
schneller,schnell
schnellste,schnell
langsamen,langsam
langsamster,langsam
langssten,langsam
langsamstes,langsam
langsamsten,langsam
langsamstem,langsam
langsameres,langsam
langsamer,langsam
langsamem,langsam
langsames,langsam
langsamerer,langsam
langsameren,langsam
langsam,langsam
langsame,langsam
langsamere,langsam
langsamste,langsam
langsamerem,langsam
einfachere,einfach
einfachstem,einfach
einfacher,einfach
einfacheren,einfach
facherer,einfach
einfache,einfach
facher,einfach
fachstes,einfach
einfacheres,einfach
einfachstes,einfach
einfacherer,einfach
einfachste,einfach
faches,einfach
einfachen,einfach
einfachsten,einfach
einfaches,einfach
einfachster,einfach
fachster,einfach
einfach,einfach
facheres,einfach
einfachem,einfach
einfacherem,einfach
schwierige,schwierig
schwierigster,schwierig
schwierigerem,schwierig
schwierigere,schwierig
schwiig,schwierig
schwierigste,schwierig
schwierigem,schwierig
schwierigeren,schwierig
schwiigsten,schwierig
schwieriger,schwierig
schwierigstes,schwierig
schwieriges,schwierig
schwierigeres,schwierig
schwierigsten,schwierig
schwierigstem,schwierig
schwierigerer,schwierig
schwierig,schwierig
schwierigen,schwierig
klareres,klar
klaren,klar
klarster,klar
klarste,klar
klarsten,klar
klarstem,klar
klare,klar
klar,klar
klarere,klar
klarer,klar
klareren,klar
klarerem,klar
klarstes,klar
klarem,klar
klares,klar
klarerer,klar
dunkleremdünklerem1,dunkel
dunklerendünkleren1,dunkel
dunkle,dunkel
dunkles,dunkel
dunkelstem,dunkel
dunkelstes,dunkel
dunkelste,dunkel
dunklem,dunkel
dunkel,dunkel
dunklererdünklerer1,dunkel
dunkldünkl1,dunkel
dunklerdünkler1,dunkel
dunkler,dunkel
dunkleresdünkleres1,dunkel
dunklen,dunkel
dunkelsten,dunkel
dunkelster,dunkel
dunkleredünklere1,dunkel
dunkleredünkleres1,dunkel
hellen,hell
hellsten,hell
hellstem,hell
hellster,hell
helles,hell
hellstes,hell
hellste,hell
hellerer,hell
heller,hell
helleres,hell
helleren,hell
hellere,hell
hell,hell
hellem,hell
helle,hell
hellerem,hell
leichtere,leicht
leichtestes,leicht
leichtester,leicht
leichteste,leicht
leichten,leicht
leichtesten,leicht
leichteres,leicht
leichtestem,leicht
leichte,leicht
leichtem,leicht
leichterer,leicht
leichtten,leicht
leichteren,leicht
leicht,leicht
leichtes,leicht
leichter,leicht
leichterem,leicht
schweren,schwer
schwerste,schwer
schwererem,schwer
schwerster,schwer
schweres,schwer
schwererer,schwer
schwerstem,schwer
schwer,schwer
schwerere,schwer
schwersten,schwer
schwereres,schwer
schwereren,schwer
schw,schwer
schwerer,schwer
schwerem,schwer
schwere,schwer
schwerstes,schwer
schwsten,schwer
sauberen,sauber
saubsten,sauber
saubersten,sauber
sauberstes,sauber
saubereres,sauber
sauberere,sauber
sauberes,sauber
sauberem,sauber
sauberstem,sauber
saubererer,sauber
sauber,sauber
saub,sauber
saubererem,sauber
sauberste,sauber
saubereren,sauber
sauberster,sauber
saubere,sauber
sauberer,sauber
schmutzigeres,schmutzig
schmutzigerem,schmutzig
schmutzigstes,schmutzig
schmutzigste,schmutzig
schmutzig,schmutzig
schmutzigere,schmutzig
schmutzigerer,schmutzig
schmutzige,schmutzig
schmutzigsten,schmutzig
schmutzigen,schmutzig
schmutzigster,schmutzig
schmutzigeren,schmutzig
schmutziger,schmutzig
schmutzigstem,schmutzig
schmutzigem,schmutzig
schmutziges,schmutzig
reichstes,reich
reicher,reich
reiche,reich
reicherer,reich
reichem,reich
reich,reich
reiches,reich
reichsten,reich
reicheren,reich
reichere,reich
reicherem,reich
reicheres,reich
reichster,reich
reichste,reich
reichen,reich
reichstem,reich
ärmerem,arm
ärmster,arm
armem,arm
armes,arm
arme,arm
arm,arm
armen,arm
ärmerer,arm
ärmste,arm
ärmstes,arm
ärmer,arm
ärmere,arm
ärmeres,arm
ärmeren,arm
ärmsten,arm
ärmstem,arm
ärm,arm
armer,arm
sichererensichreren,sicher
sicheres,sicher
sicherem,sicher
sicherersichrer,sicher
sichererersichrerer,sicher
sichere,sicher
sicherste,sicher
sichereresichreres,sicher
sichereressichreres,sicher
sicherer,sicher
sicheren,sicher
sicherstes,sicher
sich,sicher
sichsichr,sicher
sichereresichrere,sicher
sicherster,sicher
sichereremsichrerem,sicher
sichersten,sicher
sicher,sicher
sicherstem,sicher
sichsten,sicher
gefährlichsten,gefährlich
gefährliche,gefährlich
gefährlichere,gefährlich
gefährlicheres,gefährlich
gefährlichster,gefährlich
gefährlicher,gefährlich
gefährlichem,gefährlich
gefährlicherer,gefährlich
gefährlicheren,gefährlich
gefährlichstem,gefährlich
gefährlichen,gefährlich
gefährlich,gefährlich
gefährliches,gefährlich
gefährlicherem,gefährlich
gefährlichste,gefährlich
gefährlichstes,gefährlich
gesünen,gesund
gund,gesund
gesunder,gesund
gesünderem,gesund
gesündeste,gesund
gesündestes,gesund
gesünder,gesund
gesündere,gesund
gesünderer,gesund
gesund,gesund
gesünten,gesund
gesunden,gesund
gesunde,gesund
günder,gesund
gesünderen,gesund
gesun,gesund
gesüne,gesund
gesündesten,gesund
gesundem,gesund
gesündestem,gesund
gesünderes,gesund
gündten,gesund
gesündester,gesund
gesünd,gesund
gesundes,gesund
kranker,krank
kränkstes,krank
kränkerem,krank
krank,krank
kränkeren,krank
kränksten,krank
kränkste,krank
kränkeres,krank
kränkerer,krank
kränkst,krank
kränkster,krank
kränkkrank,krank
freundlichen,freundlich
freundlichstes,freundlich
freundliche,freundlich
freundlicherer,freundlich
freundlichere,freundlich
freundlicheres,freundlich
freundlicheren,freundlich
freundlichem,freundlich
freundlichster,freundlich
freundlichsten,freundlich
freundlichste,freundlich
freundlichstem,freundlich
freundlich,freundlich
freundliches,freundlich
freundlicher,freundlich
freundlicherem,freundlich
nettester,nett
nettes,nett
netteres,nett
netten,nett
nette,nett
netterem,nett
nettere,nett
nettten,nett
netteste,nett
nettestes,nett
nett,nett
nettestem,nett
netteren,nett
netterer,nett
nettem,nett
nettesten,nett
netter,nett
gemeinster,gemein
gemeinerem,gemein
gem,gemein
gemeinen,gemein
gemeinstes,gemein
gemer,gemein
gemeinere,gemein
gemeines,gemein
gemeinsten,gemein
gemeinem,gemein
gemeinste,gemein
gemeres,gemein
gemeine,gemein
gemeineres,gemein
gemre,gemein
gemeinstem,gemein
gemerer,gemein
gemeiner,gemein
gemes,gemein
gemster,gemein
gemstes,gemein
gemein,gemein
gemeinerer,gemein
gemeineren,gemein
gemen,gemein
höflichem,höflich
höflicher,höflich
höfliches,höflich
höflichere,höflich
höflicheres,höflich
höflicheren,höflich
höflichste,höflich
höfliche,höflich
höflicherer,höflich
höflichsten,höflich
höflichen,höflich
höflichster,höflich
höflichstem,höflich
höflicherem,höflich
höflich,höflich
höflichstes,höflich
unhöflicherem,unhöflich
unhöflichster,unhöflich
unhöflicher,unhöflich
unhöflich,unhöflich
unhöflicheren,unhöflich
unhöflichstes,unhöflich
unhöfliche,unhöflich
unhöflichen,unhöflich
unhöflicherer,unhöflich
unhöflicheres,unhöflich
unhöflichere,unhöflich
unhöflichstem,unhöflich
unhöflichsten,unhöflich
unhöflichste,unhöflich
unhöflichem,unhöflich
unhöfliches,unhöflich
ehrliche,ehrlich
ehrlichere,ehrlich
ehrlichstes,ehrlich
ehrlichster,ehrlich
ehrlicher,ehrlich
ehrlicherem,ehrlich
ehrlichsten,ehrlich
ehrlichstem,ehrlich
ehrliches,ehrlich
ehrlicherer,ehrlich
ehrlichem,ehrlich
ehrlicheren,ehrlich
ehrlichste,ehrlich
ehrlichen,ehrlich
ehrlicheres,ehrlich
ehrlich,ehrlich
unehrliches,unehrlich
unehrlicherer,unehrlich
unehrlich,unehrlich
unehrlichsten,unehrlich
unehrlichstes,unehrlich
unehrliche,unehrlich
unehrlichstem,unehrlich
unehrlichem,unehrlich
unehrlichen,unehrlich
unehrlichere,unehrlich
unehrlicheren,unehrlich
unehrlichster,unehrlich
unehrlichste,unehrlich
unehrlicher,unehrlich
unehrlicheres,unehrlich
unehrlicherem,unehrlich
mutigstem,mutig
mutigere,mutig
mutigstes,mutig
mutigste,mutig
mutiger,mutig
mutig,mutig
mutigem,mutig
mutigerer,mutig
mutigeres,mutig
mutiges,mutig
mutige,mutig
mutigster,mutig
mutigerem,mutig
mutigeren,mutig
mutigsten,mutig
mutigen,mutig
ängstlichen,ängstlich
ängstlicherer,ängstlich
ängstlichste,ängstlich
ängstlichsten,ängstlich
ängstlichstem,ängstlich
ängstliche,ängstlich
ängstlichstes,ängstlich
ängstlichster,ängstlich
ängstliches,ängstlich
ängstlichem,ängstlich
ängstlicherem,ängstlich
ängstlich,ängstlich
ängstlicheren,ängstlich
ängstlichere,ängstlich
ängstlicheres,ängstlich
ängstlicher,ängstlich
ruhig,ruhig
ruhigem,ruhig
ruhigstem,ruhig
ruhiger,ruhig
ruhigerer,ruhig
ruhigen,ruhig
ruhigeren,ruhig
ruhigere,ruhig
ruhigerem,ruhig
ruhigeres,ruhig
ruhigsten,ruhig
ruhige,ruhig
ruhigste,ruhig
ruhigstes,ruhig
ruhigster,ruhig
ruhiges,ruhig
nervösere,nervös
nervösem,nervös
nervöseren,nervös
nervösen,nervös
nervösten,nervös
nervösestes,nervös
nervöses,nervös
nervöseste,nervös
nervösestem,nervös
nervösester,nervös
nervöserem,nervös
nervöseres,nervös
nvösesten,nervös
nervös,nervös
nervöserer,nervös
nervöser,nervös
nvös,nervös
nervösesten,nervös
nervöse,nervös
aufgeregtem,aufgeregt
aufgeregtester,aufgeregt
aufgeregte,aufgeregt
aufgeregterer,aufgeregt
aufgeregter,aufgeregt
aufgeregteste,aufgeregt
aufgeregtere,aufgeregt
aufgeregt,aufgeregt
aufgeregtesten,aufgeregt
aufgeregtes,aufgeregt
aufgeregtestes,aufgeregt
aufgegtesten,aufgeregt
aufgeregterem,aufgeregt
aufgeregtestem,aufgeregt
aufgegt,aufgeregt
aufgeregten,aufgeregt
aufgeregteren,aufgeregt
aufgeregtten,aufgeregt
aufgeregteres,aufgeregt
gelangweilterem,gelangweilt
gelangweilt,gelangweilt
gelangweilte,gelangweilt
gelangweilten,gelangweilt
gelangweilteren,gelangweilt
gelangweilter,gelangweilt
gelangweiltere,gelangweilt
gelangweiltem,gelangweilt
gelangweilteres,gelangweilt
gelangweiltes,gelangweilt
gelangweilterer,gelangweilt
interessierterer,interessiert
interessiertem,interessiert
interessierteren,interessiert
interesrter,interessiert
interessiertere,interessiert
intersiert,interessiert
intessit,interessiert
interessierterem,interessiert
interessierte,interessiert
interessierten,interessiert
interessiertes,interessiert
intersierter,interessiert
interessierteres,interessiert
interessierter,interessiert
interesrt,interessiert
intessantesten,interessant
interessantes,interessant
interessantestes,interessant
interessanterer,interessant
interessant,interessant
interessantestem,interessant
intersanter,interessant
intessant,interessant
interessante,interessant
interessantester,interessant
interessanten,interessant
interessanteste,interessant
interessantesten,interessant
intersantten,interessant
interessanterem,interessant
interessanteres,interessant
interessantere,interessant
interessanteren,interessant
interessanter,interessant
intersant,interessant
interessantem,interessant
lustigem,lustig
lustigstes,lustig
lustiger,lustig
lustiges,lustig
lustigster,lustig
lustigstem,lustig
lustigeren,lustig
lustigsten,lustig
lustigen,lustig
lustigste,lustig
lustigeres,lustig
lustig,lustig
lustige,lustig
lustigere,lustig
lustigerem,lustig
lustigerer,lustig
ernst,ernst
ernsteres,ernst
ernstes,ernst
ernstem,ernst
ernsterem,ernst
ernsterer,ernst
ernster,ernst
ernstten,ernst
nst,ernst
ernsteste,ernst
ernstesten,ernst
ernstestes,ernst
ernstester,ernst
nstesten,ernst
ernste,ernst
ernsteren,ernst
ernsten,ernst
ernstere,ernst
ernstestem,ernst
leisen,leise
leise,leise
leisere,leise
leiseres,leise
leiseren,leise
leises,leise
leisem,leise
leis,leise
leisester,leise
leisestem,leise
leisestes,leise
leiserer,leise
leisten,leise
leiser,leise
leiserem,leise
leisesten,leise
leiseste,leise
lauten,laut
lauteres,laut
lautestem,laut
lautten,laut
laute,laut
lautere,laut
lauter,laut
lautestes,laut
lauteren,laut
lauterem,laut
lauteste,laut
laut,laut
lautes,laut
lautem,laut
lautesten,laut
lauterer,laut
lautester,laut
stillerem,still
stillster,still
stilleren,still
still,still
stillere,still
stillstes,still
stillstem,still
stillerer,still
stillsten,still
stillste,still
stilles,still
stillem,still
stiller,still
stille,still
stillen,still
stilleres,still
klügeren,klug
kluges,klug
klügeres,klug
klüger,klug
klügstes,klug
klüg,klug
klügerer,klug
klügerem,klug
klügster,klug
klügstem,klug
klugen,klug
klugem,klug
klügste,klug
kluge,klug
klügsten,klug
klug,klug
kluger,klug
klügere,klug
dümmerer,dumm
dummem,dumm
dumm,dumm
dümmster,dumm
dumme,dumm
dümmste,dumm
dümm,dumm
dümmeres,dumm
dümmere,dumm
dummes,dumm
dümmsten,dumm
dummen,dumm
dümmstem,dumm
dümmer,dumm
dümmstes,dumm
dümmerem,dumm
dümmeren,dumm
dummer,dumm
weis,weise
weiseste,weise
weises,weise
weisestem,weise
weisester,weise
weisere,weise
weiseren,weise
weise,weise
weiserem,weise
weisesten,weise
weisten,weise
weisestes,weise
weisen,weise
weiserer,weise
weiseres,weise
weiser,weise
weisem,weise
kreativstem,kreativ
kreativen,kreativ
kreativsten,kreativ
kreativer,kreativ
kreativeres,kreativ
kreativeren,kreativ
kreativerer,kreativ
kreativere,kreativ
kreativste,kreativ
kreativster,kreativ
kreativstes,kreativ
kreative,kreativ
kreativerem,kreativ
kreatives,kreativ
kreativ,kreativ
kreativem,kreativ
faules,faul
faulstes,faul
faulsten,faul
faulerer,faul
faulstem,faul
fauleren,faul
faulen,faul
faule,faul
faulerem,faul
faulster,faul
faulem,faul
fauleres,faul
faulere,faul
faul,faul
faulste,faul
fauler,faul
aktiv,aktiv
aktiver,aktiv
aktivster,aktiv
aktivstes,aktiv
aktivere,aktiv
aktivste,aktiv
aktive,aktiv
aktiveren,aktiv
aktiverem,aktiv
aktiveres,aktiv
aktivsten,aktiv
aktivem,aktiv
aktives,aktiv
aktivstem,aktiv
aktiven,aktiv
aktiverer,aktiv
mächtigeres,mächtig
mächtigstes,mächtig
mächtigsten,mächtig
mächtig,mächtig
mächtiges,mächtig
mächtigem,mächtig
mächtigeren,mächtig
mächtigen,mächtig
mächtigste,mächtig
mächtigstem,mächtig
mächtigerem,mächtig
mächtige,mächtig
mächtigster,mächtig
mächtigere,mächtig
mächtigerer,mächtig
mächtiger,mächtig
winzigere,winzig
winzigstes,winzig
winzigsten,winzig
winzigeres,winzig
winzigstem,winzig
winzige,winzig
winzigem,winzig
winzigste,winzig
winzigster,winzig
winzig,winzig
winzigeren,winzig
winzigerer,winzig
winzigerem,winzig
winzigen,winzig
winziger,winzig
winziges,winzig
tiefsten,tief
tiefen,tief
tiefer,tief
tiefster,tief
tieferes,tief
tiefe,tief
tiefste,tief
tiefstes,tief
tieferem,tief
tiefstem,tief
tiefes,tief
tiefere,tief
tieferen,tief
tiefem,tief
tief,tief
tieferer,tief
flachste,flach
flachere,flach
flacheren,flach
flachstem,flach
flacher,flach
flaches,flach
flacherem,flach
flachsten,flach
flacheres,flach
flachstes,flach
flach,flach
flache,flach
flachen,flach
flachem,flach
flachster,flach
flacherer,flach
rune,rund
runden,rund
rundere,rund
runderer,rund
runderen,rund
rundestem,rund
runten,rund
rundestes,rund
rundesten,rund
runder,rund
rundester,rund
rund,rund
rundem,rund
runderem,rund
runen,rund
rundeste,rund
runde,rund
run,rund
runderes,rund
rundten,rund
rundes,rund
eckigeres,eckig
eckiger,eckig
eckige,eckig
eckigstem,eckig
eckigstes,eckig
eckigsten,eckig
eckigeren,eckig
eckigen,eckig
eckigste,eckig
eckiges,eckig
eckigere,eckig
eckigem,eckig
eckigerer,eckig
eckigerem,eckig
eckigster,eckig
eckig,eckig
spitzer,spitz
spitzten,spitz
spitzeren,spitz
spitzem,spitz
spitzen,spitz
spitzesten,spitz
spitz,spitz
spitzestes,spitz
spitzerer,spitz
spitzere,spitz
spitzerem,spitz
spitzestem,spitz
spitze,spitz
spitzester,spitz
spitzes,spitz
spitzeste,spitz
spitzeres,spitz
stumpfem,stumpf
stumpferer,stumpf
stumpferes,stumpf
stumpfe,stumpf
stumpfsterstumpfester,stumpf
stumpfststumpfest,stumpf
stumpfer,stumpf
stumpfes,stumpf
stumpfstemstumpfestem,stumpf
stumpfstestumpfeste,stumpf
stumpf,stumpf
stumpfstenstumpften,stumpf
stumpfen,stumpf
stumpferen,stumpf
stumpfstenstumpfesten,stumpf
stumpfstesstumpfestes,stumpf
stumpfere,stumpf
stumpferem,stumpf
stumpfstestumpfestes,stumpf
glattem,glatt
glatterem,glatt
glatteres,glatt
glatteste,glatt
glatteren,glatt
glatt,glatt
glattere,glatt
glatten,glatt
glatter,glatt
glattester,glatt
glattestes,glatt
glattes,glatt
glattesten,glatt
glattestem,glatt
glatte,glatt
glatterer,glatt
glattten,glatt
rauestenrausten,rau
rauer,rau
raueres,rau
rauen,rau
rauestesraustes,rau
rauestraust,rau
rau,rau
rauesterrauster,rau
rauem,rau
raues,rau
rauerer,rau
raueren,rau
raue,rau
rautenrausten,rau
rauere,rau
rauesteraustes,rau
rauerem,rau
rauesterauste,rau
rauestemraustem,rau
nassestesnässestes,nass
nassernässer,nass
nassestemnässestem,nass
nassestenässestes,nass
nasses,nass
nasseresnässeres,nass
nasserenässere,nass
nasserennässeren,nass
nassestenässeste,nass
nassestnässest,nass
nass,nass
nassnäss,nass
nassestennässesten,nass
nassesternässester,nass
nasstennässten,nass
nasseremnässerem,nass
nassen,nass
nasser,nass
nasse,nass
nasserernässerer,nass
nasserenässeres,nass
nassem,nass
trockenstem,trocken
trockenerer,trocken
trockener,trocken
trockene,trocken
trockenere,trocken
trockensten,trocken
trockenes,trocken
trockenem,trocken
trockenen,trocken
trockenerem,trocken
trockenste,trocken
trocken,trocken
trockeneren,trocken
trockeneres,trocken
trockenster,trocken
trockenstes,trocken
süßeren,süß
süßem,süß
süßesten,süß
süßes,süß
süßen,süß
süßten,süß
süßeste,süß
süßester,süß
süße,süß
süßerer,süß
süß,süß
süßeres,süß
süßere,süß
süßestem,süß
süßestes,süß
süßer,süß
süßerem,süß
sauressaueres1,sauer
saurersauerer1,sauer
sauresaueres1,sauer
sauresauere1,sauer
saursau1,sauer
sauremsauerem1,sauer
sau,sauer
sauer,sauer
saurensaueren1,sauer
bitterstes,bitter
bitteres,bitter
bitterster,bitter
bittererer,bitter
bitter,bitter
bitterste,bitter
bittersten,bitter
bitterem,bitter
bittererem,bitter
bittereren,bitter
bittereres,bitter
bitterstem,bitter
bitterere,bitter
bitt,bitter
bitteren,bitter
bittsten,bitter
bitterer,bitter
bittere,bitter
salzigen,salzig
salzigem,salzig
salzigeres,salzig
salzigere,salzig
salziger,salzig
salzig,salzig
salzigsten,salzig
salzigste,salzig
salzigerer,salzig
salzigerem,salzig
salzigstes,salzig
salziges,salzig
salzige,salzig
salzigster,salzig
salzigstem,salzig
salzigeren,salzig
frischem,frisch
frischer,frisch
frischerer,frisch
frisches,frisch
frischerem,frisch
frischeren,frisch
frische,frisch
frischestenfrischsten,frisch
frischere,frisch
frischestefrischste,frisch
frischtenfrischsten,frisch
frischestemfrischstem,frisch
frischestesfrischstes,frisch
frischestfrischst,frisch
frisch,frisch
frischen,frisch
frischeres,frisch
frischestefrischstes,frisch
frischesterfrischster,frisch
leckerenleckren,lecker
leckleckr,lecker
leck,lecker
leckererleckrer,lecker
lecker,lecker
leckereleckre,lecker
leckeresleckres,lecker
leckeremleckrem,lecker
leckereleckres,lecker
schrecklich,schrecklich
schrecklichere,schrecklich
schrecklicheres,schrecklich
schrecklicheren,schrecklich
schrecklichsten,schrecklich
schrecklicher,schrecklich
schrecklichste,schrecklich
schrecklichstem,schrecklich
schrecklichen,schrecklich
schrecklichem,schrecklich
schrecklichster,schrecklich
schrecklicherem,schrecklich
schreckliche,schrecklich
schrecklichstes,schrecklich
schreckliches,schrecklich
schrecklicherer,schrecklich
schöne,schön
schöneren,schön
schönerem,schön
schönerer,schön
schönstes,schön
schönen,schön
schönem,schön
schöneres,schön
schönsten,schön
schön,schön
schönere,schön
schönste,schön
schönster,schön
schönstem,schön
schöner,schön
schönes,schön
hässlichem,hässlich
hässlichstem,hässlich
hässlich,hässlich
hässlichste,hässlich
hässlichstes,hässlich
hässlicherem,hässlich
hässlicher,hässlich
hässlichsten,hässlich
hässliches,hässlich
hässlicheres,hässlich
hässlichere,hässlich
hässlicherer,hässlich
hässlicheren,hässlich
hässliche,hässlich
hässlichster,hässlich
hässlichen,hässlich
hübschester,hübsch
hübschesten,hübsch
hübschten,hübsch
hübschere,hübsch
hübscheren,hübsch
hübschestes,hübsch
hübsche,hübsch
hübsches,hübsch
hübschestem,hübsch
hübscherem,hübsch
hübscheres,hübsch
hübsch,hübsch
hübscher,hübsch
hübscherer,hübsch
hübscheste,hübsch
hübschem,hübsch
hübschen,hübsch
moderten1,modern
modte,modern
ihrmodertet1,modern
ichwerdegemoderthaben,modern
modernen,modern
dumoderestdumodrest,modern
ichhattegemodert,modern
duhattestgemodert,modern
hättegemodt,modern
habegemodt,modern
ihrhattetgemodert,modern
würmodern,modern
würgemoderthaben,modern
gemoderthabenwerden,modern
hatgemodt,modern
ichwerdemodern,modern
ihrmodert,modern
ichmoderte1,modern
duwürdestgemoderthaben,modern
duhabestgemodert,modern
duhastgemodert,modern
duwirstmodern,modern
ichmodreichmodereichmoder,modern
wirwürgemoderthaben,modern
hattengemodert,modern
ihrhabetgemodert,modern
modte1,modern
wirhättengemodert,modern
duwerdestgemoderthaben,modern
moderten,modern
modert(ihr),modern
ihrwürdetgemoderthaben,modern
duhättestgemodert,modern
ihrwürdetmodern,modern
wirwürmodern,modern
wirmoderten,modern
gemodert,modern
wirwmodn,modern
wirmodern,modern
ihrhättetgemodert,modern
habengemodert,modern
modemodre,modern
wirdmodn,modern
dumoderst,modern
ichhabegemodert,modern
wirhabengemodert,modern
moderne,modern
modt,modern
wirdgemodthaben,modern
ihrmoderetihrmodret,modern
ichmoderte,modern
hättengemodert,modern
wirmoderten1,modern
modernes,modern
würdemodn,modern
ichwürdegemoderthaben,modern
dumodertest1,modern
modernd,modern
modernem,modern
würdegemodthaben,modern
ichwürdemodern,modern
ihrwerdetgemoderthaben,modern
modern,modern
modernwerden,modern
hattegemodt,modern
moderner,modern
ichmodereichmodre,modern
wirwgemodthaben,modern
haben,modern
ihrmodertet,modern
wdegemodthaben,modern
ihrhabtgemodert,modern
duwerdestmodern,modern
ihrwerdetmodern,modern
ichhättegemodert,modern
mone,modern
modre(du)mo(du)moe(du),modern
modn,modern
wirhattengemodert,modern
monen,modern
duwirstgemoderthaben,modern
wdemodn,modern
duwürdestmodern,modern
wmodn,modern
wgemodthaben,modern
dumodertest,modern
antike,antik
antikeres,antik
antikste,antik
antikster,antik
antikstes,antik
antik,antik
antikerer,antik
antiker,antik
antikes,antik
antikeren,antik
antiken,antik
antikem,antik
antikerem,antik
antikstem,antik
antikere,antik
antiksten,antik
aktuellere,aktuell
aktuellstes,aktuell
aktuellem,aktuell
aktuellerer,aktuell
aktuellstem,aktuell
aktuelleren,aktuell
aktuellen,aktuell
aktuellerem,aktuell
aktueller,aktuell
aktuell,aktuell
aktuellsten,aktuell
aktuellster,aktuell
aktuellste,aktuell
aktuelleres,aktuell
aktuelle,aktuell
aktuelles,aktuell
zukünftigen,zukünftig
zukünftiger,zukünftig
zukünftig,zukünftig
zukünftigem,zukünftig
zukünftiges,zukünftig
zukünftige,zukünftig
vergangener,vergangen
vgangen,vergangen
vergangenen,vergangen
vergangenem,vergangen
vergangen,vergangen
vergangenes,vergangen
vergangene,vergangen
möglichen,möglich
möglichem,möglich
möglicher,möglich
mögliches,möglich
mögliche,möglich
möglich,möglich
unmöglicheres,unmöglich
unmöglichster,unmöglich
unmöglicheren,unmöglich
unmöglichstes,unmöglich
unmöglichste,unmöglich
unmöglichere,unmöglich
unmöglich,unmöglich
unmöglichsten,unmöglich
unmöglicher,unmöglich
unmögliche,unmöglich
unmöglicherer,unmöglich
unmöglicherem,unmöglich
unmöglichstem,unmöglich
unmöglichem,unmöglich
unmöglichen,unmöglich
unmögliches,unmöglich
wahrscheinlichste,wahrscheinlich
wahrscheinliche,wahrscheinlich
wahrscheinlich,wahrscheinlich
wahrscheinlichem,wahrscheinlich
wahrscheinlicher,wahrscheinlich
wahrscheinlichstem,wahrscheinlich
wahrscheinlichster,wahrscheinlich
wahrschlichstes,wahrscheinlich
wahrscheinliches,wahrscheinlich
wahrschlicher,wahrscheinlich
wahrscheinlichstes,wahrscheinlich
wahrschliches,wahrscheinlich
wahrscheinlicherem,wahrscheinlich
wahrscheinlichen,wahrscheinlich
wahrscheinlichere,wahrscheinlich
wahrschlicherer,wahrscheinlich
wahrscheinlicherer,wahrscheinlich
wahrscheinlicheren,wahrscheinlich
wahrscheinlichsten,wahrscheinlich
wahrscheinlicheres,wahrscheinlich
wahrschlichster,wahrscheinlich
wahrschlicheres,wahrscheinlich
unwahrscheinlichere,unwahrscheinlich
unwahrscheinlichstem,unwahrscheinlich
unwahrscheinliche,unwahrscheinlich
unwahrschlicherer,unwahrscheinlich
unwahrscheinlicheren,unwahrscheinlich
unwahrscheinliches,unwahrscheinlich
unwahrscheinlichem,unwahrscheinlich
unwahrscheinlichen,unwahrscheinlich
unwahrschlicheres,unwahrscheinlich
unwahrschliches,unwahrscheinlich
unwahrscheinlicherem,unwahrscheinlich
unwahrscheinlichsten,unwahrscheinlich
unwahrscheinlichstes,unwahrscheinlich
unwahrscheinlicheres,unwahrscheinlich
unwahrscheinlichster,unwahrscheinlich
unwahrscheinlicherer,unwahrscheinlich
unwahrscheinlich,unwahrscheinlich
unwahrschlichster,unwahrscheinlich
unwahrscheinlichste,unwahrscheinlich
unwahrschlichstes,unwahrscheinlich
unwahrscheinlicher,unwahrscheinlich
unwahrschlicher,unwahrscheinlich
wahr,wahr
wahre,wahr
wahreres,wahr
wahrerem,wahr
wahren,wahr
wahrere,wahr
wahreren,wahr
wahrem,wahr
wahres,wahr
wahrer,wahr
wahrerer,wahr
falschestes1,falsch
falschem,falsch
falsche,falsch
falschester1,falsch
falscherer1,falsch
falschen,falsch
falschesten1,falsch
falscher,falsch
falscheres1,falsch
falscheren1,falsch
falschere1,falsch
falscheste1,falsch
falsch,falsch
falscherem1,falsch
falsches,falsch
falsch1,falsch
falschten1,falsch
falscher1,falsch
falschestem1,falsch
echtester,echt
echten,echt
echterem,echt
echteren,echt
echtten,echt
echter,echt
echt,echt
echtere,echt
echtem,echt
echteres,echt
echtestem,echt
echteste,echt
echtestes,echt
echtes,echt
echterer,echt
echtesten,echt
echte,echt
offenste,offen
offenstem,offen
offenere,offen
offenes,offen
offenerer,offen
offeneren,offen
offener,offen
offensten,offen
offenerem,offen
offenstes,offen
offen,offen
offenster,offen
offene,offen
offenem,offen
offeneres,offen
offenen,offen
gchlossensten,geschlossen
gchlossen,geschlossen
geschlossener,geschlossen
geschlossenem,geschlossen
geschlossenere,geschlossen
geschlossenerem,geschlossen
geschlossene,geschlossen
geschlossenen,geschlossen
geschlosseneres,geschlossen
geschlossenstem,geschlossen
geschlossen,geschlossen
geschlosseneren,geschlossen
geschlossensten,geschlossen
geschlossenste,geschlossen
geschlossenstes,geschlossen
geschlossenes,geschlossen
geschlossenerer,geschlossen
gchlossener,geschlossen
geschlossenster,geschlossen
bereiter,bereit
bereiteren,bereit
bereitesten,bereit
bereitem,bereit
bereitestem,bereit
bereiteres,bereit
bereites,bereit
beitesten,bereit
beit,bereit
bereitten,bereit
bereitester,bereit
bereitestes,bereit
bereitere,bereit
bereit,bereit
bereiteste,bereit
bereite,bereit
bereiterer,bereit
bereiten,bereit
bereiterem,bereit
fertig,fertig
fertiger,fertig
fertigem,fertig
fertigere,fertig
fertigstes,fertig
fertigeres,fertig
fertigeren,fertig
fertigsten,fertig
fertigen,fertig
fertigstem,fertig
fertigerem,fertig
ftig,fertig
fertiges,fertig
fertige,fertig
fertigster,fertig
fertigste,fertig
ftigsten,fertig
fertigerer,fertig
spätere,spät
späteren,spät
später,spät
späterem,spät
spätestes,spät
späte,spät
späteres,spät
spätesten,spät
spätten,spät
späteste,spät
spätem,spät
späterer,spät
späten,spät
spätes,spät
spätestem,spät
spätester,spät
spät,spät
frühes,früh
früherer,früh
frühesterfrühster,früh
früherem,früh
frühe,früh
frühestemfrühstem,früh
frühere,früh
frühem,früh
früheres,früh
frühestfrühst,früh
frühestesfrühstes,früh
früh,früh
frühestefrühstes,früh
frühestefrühste,früh
frühestenfrühsten,früh
frühtenfrühsten,früh
früher,früh
früheren,früh
frühen,früh
regelmäßig,regelmäßig
regelmäßigsten,regelmäßig
regelmäßige,regelmäßig
regelmäßigen,regelmäßig
regelmäßigerem,regelmäßig
regelmäßigeres,regelmäßig
regelmäßigster,regelmäßig
regelmäßigem,regelmäßig
regelmäßigere,regelmäßig
regelmäßigste,regelmäßig
regelmäßigstem,regelmäßig
regelmäßiges,regelmäßig
regelmäßiger,regelmäßig
regelmäßigeren,regelmäßig
regelmäßigstes,regelmäßig
regelmäßigerer,regelmäßig
unregelmäßigste,unregelmäßig
unregelmäßig,unregelmäßig
unregelmäßigsten,unregelmäßig
unregelmäßigem,unregelmäßig
unregelmäßiges,unregelmäßig
unregelmäßigstes,unregelmäßig
unregelmäßiger,unregelmäßig
unregelmäßigen,unregelmäßig
unregelmäßige,unregelmäßig
unregelmäßigerer,unregelmäßig
unregelmäßigeren,unregelmäßig
unregelmäßigster,unregelmäßig
unregelmäßigere,unregelmäßig
unregelmäßigerem,unregelmäßig
unregelmäßigeres,unregelmäßig
unregelmäßigstem,unregelmäßig
gewöhnlichsten,gewöhnlich
gewöhnlichem,gewöhnlich
gewöhnliche,gewöhnlich
gewöhnlicherer,gewöhnlich
gewöhnlicheres,gewöhnlich
gewöhnliches,gewöhnlich
gewöhnlichstem,gewöhnlich
gewöhnlicherem,gewöhnlich
gewöhnlichen,gewöhnlich
gewöhnlicher,gewöhnlich
gewöhnlichere,gewöhnlich
gewöhnlichstes,gewöhnlich
gewöhnlichste,gewöhnlich
gewöhnlich,gewöhnlich
gewöhnlichster,gewöhnlich
gewöhnlicheren,gewöhnlich
seltenenseltnen1,selten
seltenerseltner1,selten
seltenesseltnes1,selten
selteneseltne1,selten
selten,selten
seltenemseltnem1,selten
seltenseltn1,selten
selteneseltnes1,selten
normaler,normal
normale,normal
normalerer,normal
normalerem,normal
normalsten,normal
normalstes,normal
normales,normal
normalstem,normal
normalster,normal
normal,normal
normalem,normal
normaleren,normal
normalere,normal
normalste,normal
normalen,normal
normaleres,normal
seltsamerem,seltsam
seltsamstem,seltsam
seltsamerer,seltsam
seltsameren,seltsam
seltsamste,seltsam
seltsamsten,seltsam
seltsameres,seltsam
seltsame,seltsam
seltsamer,seltsam
seltsam,seltsam
seltsamen,seltsam
seltsamem,seltsam
seltsamster,seltsam
seltssten,seltsam
seltsamstes,seltsam
seltsames,seltsam
seltsamere,seltsam
typischer,typisch
typischerer,typisch
typischem,typisch
typischen,typisch
typisch,typisch
typischerem,typisch
typischste,typisch
typischeres,typisch
typischeren,typisch
typischstem,typisch
typisches,typisch
typischstes,typisch
typischsten,typisch
typische,typisch
typischere,typisch
typischster,typisch
zigartiger,einzigartig
einzigartigen,einzigartig
einzigartigstes,einzigartig
einzigartigeres,einzigartig
zigartigster,einzigartig
zigartigerer,einzigartig
einzigartigster,einzigartig
zigartigeres,einzigartig
einzigartigerer,einzigartig
einzigartigste,einzigartig
zigartigstes,einzigartig
einzigartig,einzigartig
einzigartiges,einzigartig
zigartiges,einzigartig
einzigartigem,einzigartig
einzigartigsten,einzigartig
einzigartigeren,einzigartig
einzigartigere,einzigartig
einzigartiger,einzigartig
einzigartige,einzigartig
einzigartigstem,einzigartig
einzigartigerem,einzigartig
allgemstes,allgemein
allgemeineren,allgemein
allgemes,allgemein
allgemeinere,allgemein
allgemeinste,allgemein
allgemerer,allgemein
allgem,allgemein
allgemster,allgemein
allgemeineres,allgemein
allgemeinsten,allgemein
allgemeinstes,allgemein
allgemeres,allgemein
allgemeinstem,allgemein
allgemre,allgemein
allgemen,allgemein
allgemeinen,allgemein
allgemeines,allgemein
allgemeinster,allgemein
allgemein,allgemein
allgemer,allgemein
allgemeinem,allgemein
allgemeinerer,allgemein
allgemeiner,allgemein
allgemeine,allgemein
allgemeinerem,allgemein
spezifischerem,spezifisch
spezifischsten,spezifisch
spezifischem,spezifisch
spezifisch,spezifisch
spezifischer,spezifisch
spezifischen,spezifisch
spezifischster,spezifisch
spezifischste,spezifisch
spezifisches,spezifisch
spezifischstes,spezifisch
spezifischere,spezifisch
spezifischeres,spezifisch
spezifischeren,spezifisch
spezifische,spezifisch
spezifischerer,spezifisch
spezifischstem,spezifisch
lokalem,lokal
lokal,lokal
lokaler,lokal
lokalach,lokal
lokalom,lokal
lokalu,lokal
lokalen,lokal
lokalami,lokal
lokales,lokal
lokalowi,lokal
lokali,lokal
lokale,lokal
globale,global
globalen,global
global,global
globaler,global
globalem,global
globales,global
nationalen,national
nationales,national
nationaleren,national
nationalstes,national
national,national
nationaler,national
nationalerem,national
nationalsten,national
nationalste,national
nationalem,national
nationalstem,national
nationalster,national
nationaleres,national
nationalerer,national
nationale,national
nationalere,national
international,international
internationale,international
internationalem,international
internationalen,international
internationaler,international
intnational,international
internationales,international
privaten,privat
privater,privat
privatere,privat
privates,privat
privatem,privat
privateres,privat
private,privat
privaterer,privat
privat,privat
privateren,privat
privaterem,privat
öffentlicheren,öffentlich
öffentlicherer,öffentlich
öffentlichste,öffentlich
öffentlicher,öffentlich
öffentlichen,öffentlich
öffentlichster,öffentlich
öffentlichstem,öffentlich
öffentliche,öffentlich
öffentlicheres,öffentlich
öffentlichere,öffentlich
öffentlichem,öffentlich
öffentlichsten,öffentlich
öffentlich,öffentlich
öffentlichstes,öffentlich
öffentliches,öffentlich
öffentlicherem,öffentlich
offiziellerer,offiziell
offiziellen,offiziell
offiziell,offiziell
offizielle,offiziell
offizielleres,offiziell
offiziellere,offiziell
offiziellster,offiziell
offiziellste,offiziell
offizieller,offiziell
offizielleren,offiziell
offiziellstem,offiziell
offiziellstes,offiziell
offiziellem,offiziell
offiziellerem,offiziell
offiziellsten,offiziell
offizielles,offiziell
legaler,legal
legalem,legal
legales,legal
legale,legal
legal,legal
legalen,legal
illegal,illegal
illegalem,illegal
illegale,illegal
illegaler,illegal
illegalen,illegal
illegales,illegal
richtigeres,richtig
richtigster,richtig
richtig,richtig
richtigeren,richtig
richtiges,richtig
richtige,richtig
richtigerem,richtig
richtigstem,richtig
richtigem,richtig
richtigste,richtig
richtiger,richtig
richtigsten,richtig
richtigstes,richtig
richtigere,richtig
richtigen,richtig
richtigerer,richtig
perfekteren,perfekt
perfekten,perfekt
perfekter,perfekt
perfekteres,perfekt
perfekte,perfekt
perfektem,perfekt
perfektten,perfekt
perfektestes,perfekt
pfekt,perfekt
pfektesten,perfekt
perfektes,perfekt
perfektere,perfekt
perfektesten,perfekt
perfekterer,perfekt
perfekterem,perfekt
perfektestem,perfekt
perfektester,perfekt
perfekt,perfekt
perfekteste,perfekt
